<annotation>
	<folder>train</folder>
	<filename>armas (19).jpg</filename>
	<path>C:/Users/Dell/OneDrive/Desktop/FINAL/data_yolo/images/train/armas (19).jpg</path>
	<source>
		<database>Unknown</database>
	</source>
	<size>
		<width>480</width>
		<height>480</height>
		<depth>3</depth>
	</size>
	<segmented>0</segmented>
	<object>
		<name>pistol</name>
		<pose>Unspecified</pose>
		<truncated>0</truncated>
		<difficult>0</difficult>
		<bndbox>
			<xmin>232</xmin>
			<ymin>169</ymin>
			<xmax>400</xmax>
			<ymax>344</ymax>
		</bndbox>
	</object>
</annotation>
