<annotation>
	<folder>train</folder>
	<filename>armas (15).jpg</filename>
	<path>C:/Users/Dell/OneDrive/Desktop/FINAL/data_yolo/images/train/armas (15).jpg</path>
	<source>
		<database>Unknown</database>
	</source>
	<size>
		<width>1300</width>
		<height>866</height>
		<depth>3</depth>
	</size>
	<segmented>0</segmented>
	<object>
		<name>pistol</name>
		<pose>Unspecified</pose>
		<truncated>0</truncated>
		<difficult>0</difficult>
		<bndbox>
			<xmin>148</xmin>
			<ymin>119</ymin>
			<xmax>1127</xmax>
			<ymax>831</ymax>
		</bndbox>
	</object>
</annotation>
