<annotation>
	<folder>train</folder>
	<filename>armas (18).jpg</filename>
	<path>C:/Users/Dell/OneDrive/Desktop/FINAL/data_yolo/images/train/armas (18).jpg</path>
	<source>
		<database>Unknown</database>
	</source>
	<size>
		<width>288</width>
		<height>450</height>
		<depth>3</depth>
	</size>
	<segmented>0</segmented>
	<object>
		<name>pistol</name>
		<pose>Unspecified</pose>
		<truncated>0</truncated>
		<difficult>0</difficult>
		<bndbox>
			<xmin>128</xmin>
			<ymin>156</ymin>
			<xmax>179</xmax>
			<ymax>255</ymax>
		</bndbox>
	</object>
</annotation>
