<annotation>
	<folder>train</folder>
	<filename>armas (22).jpg</filename>
	<path>C:/Users/Dell/OneDrive/Desktop/FINAL/data_yolo/images/train/armas (22).jpg</path>
	<source>
		<database>Unknown</database>
	</source>
	<size>
		<width>127</width>
		<height>168</height>
		<depth>3</depth>
	</size>
	<segmented>0</segmented>
	<object>
		<name>pistol</name>
		<pose>Unspecified</pose>
		<truncated>0</truncated>
		<difficult>0</difficult>
		<bndbox>
			<xmin>34</xmin>
			<ymin>67</ymin>
			<xmax>60</xmax>
			<ymax>108</ymax>
		</bndbox>
	</object>
</annotation>
