<annotation>
	<folder>train</folder>
	<filename>armas (13).jpg</filename>
	<path>C:/Users/Dell/OneDrive/Desktop/FINAL/data_yolo/images/train/armas (13).jpg</path>
	<source>
		<database>Unknown</database>
	</source>
	<size>
		<width>1300</width>
		<height>906</height>
		<depth>1</depth>
	</size>
	<segmented>0</segmented>
	<object>
		<name>pistol</name>
		<pose>Unspecified</pose>
		<truncated>0</truncated>
		<difficult>0</difficult>
		<bndbox>
			<xmin>172</xmin>
			<ymin>261</ymin>
			<xmax>824</xmax>
			<ymax>745</ymax>
		</bndbox>
	</object>
</annotation>
